{"stats":{"minecraft:crafted":{"minecraft:wooden_sword":1,"minecraft:oak_planks":416,"minecraft:stone_shovel":3,"minecraft:oak_sign":3,"minecraft:fishing_rod":1,"minecraft:oak_pressure_plate":2,"minecraft:furnace":2,"minecraft:cooked_mutton":13,"minecraft:oak_trapdoor":4,"minecraft:iron_axe":2,"minecraft:stone_pickaxe":1,"minecraft:chest":3,"minecraft:oak_button":1,"minecraft:acacia_fence":60,"mca:needle_and_thread":1,"minecraft:wheat":27,"minecraft:emerald":4,"minecraft:crafting_table":3,"minecraft:acacia_slab":24,"minecraft:baked_potato":8,"minecraft:bucket":1,"mca:cross_headstone":1,"regions_unexplored:oak_branch":2,"minecraft:bread":12,"minecraft:painting":2,"minecraft:oak_boat":1,"minecraft:shield":1,"minecraft:stick":40,"minecraft:iron_ingot":14,"minecraft:iron_pickaxe":2,"minecraft:oak_stairs":20,"minecraft:acacia_door":3,"minecraft:white_bed":2,"minecraft:acacia_planks":380,"minecraft:torch":52},"minecraft:picked_up":{"regions_unexplored:small_oak_log":46,"minecraft:crafting_table":12,"minecraft:wheat":1,"minecraft:chicken":4,"minecraft:clay_ball":48,"minecraft:oak_stairs":13,"minecraft:oak_trapdoor":13,"minecraft:string":5,"minecraft:red_bed":3,"minecraft:iron_axe":2,"minecraft:acacia_door":2,"minecraft:oak_sign":3,"minecraft:oak_boat":2,"minecraft:chest":4,"minecraft:furnace":2,"minecraft:stick":78,"minecraft:raw_iron":14,"minecraft:acacia_fence":36,"minecraft:torch":23,"minecraft:acacia_log":190,"regions_unexplored:stripped_small_oak_log":12,"minecraft:diorite":1,"minecraft:orange_bed":1,"minecraft:rotten_flesh":2,"minecraft:gold_ingot":6,"minecraft:mutton":13,"minecraft:white_wool":6,"minecraft:cobblestone":303,"minecraft:feather":3,"minecraft:andesite":12,"minecraft:brown_wool":1,"immersive_weathering:sandy_dirt":102,"minecraft:oak_log":91,"mca:book_romance":2,"minecraft:dirt":254,"regions_unexplored:small_oak_sapling":1,"minecraft:cooked_mutton":13,"minecraft:bone":1,"minecraft:acacia_planks":52,"minecraft:apple":12,"minecraft:bow":2,"minecraft:wheat_seeds":8,"minecraft:stone_pickaxe":1,"minecraft:oak_planks":61,"minecraft:acacia_sapling":70,"minecraft:oak_pressure_plate":5,"minecraft:gravel":4,"minecraft:sand":30,"minecraft:white_bed":7,"minecraft:acacia_stairs":1,"minecraft:mossy_cobblestone":7,"immersive_weathering:earthen_clay":22,"minecraft:diamond":4,"minecraft:granite":1,"minecraft:crossbow":1,"minecraft:painting":15,"minecraft:emerald":6,"minecraft:oak_button":4,"minecraft:oak_sapling":60,"minecraft:acacia_slab":9,"minecraft:black_wool":4,"minecraft:coal":83,"minecraft:ender_pearl":1},"minecraft:custom":{"minecraft:mob_kills":13,"minecraft:interact_with_crafting_table":87,"minecraft:leave_game":8,"minecraft:time_since_death":223084,"minecraft:sprint_one_cm":304976,"minecraft:walk_one_cm":714595,"minecraft:damage_blocked_by_shield":105,"minecraft:drop":15,"minecraft:play_time":223084,"minecraft:sneak_time":4338,"minecraft:walk_under_water_one_cm":44834,"minecraft:jump":1458,"minecraft:walk_on_water_one_cm":34524,"minecraft:total_world_time":223084,"minecraft:interact_with_furnace":19,"minecraft:traded_with_villager":4,"minecraft:sleep_in_bed":22,"minecraft:time_since_rest":6334,"minecraft:damage_taken":110,"minecraft:damage_dealt":1410,"minecraft:swim_one_cm":7034,"minecraft:fly_one_cm":121972,"minecraft:open_chest":70,"minecraft:crouch_one_cm":11722,"minecraft:fall_one_cm":19015},"minecraft:dropped":{"minecraft:wheat_seeds":6,"minecraft:dirt":1,"minecraft:torch":1,"minecraft:iron_axe":1,"immersive_weathering:earthen_clay":1,"minecraft:chicken":1,"minecraft:cooked_mutton":13,"regions_unexplored:small_oak_sapling":1,"minecraft:oak_button":1,"minecraft:stone_pickaxe":1,"minecraft:black_wool":2},"minecraft:used":{"minecraft:oak_trapdoor":16,"minecraft:acacia_log":95,"minecraft:stone_shovel":378,"minecraft:oak_sign":3,"minecraft:chest":7,"minecraft:shield":1,"minecraft:orange_bed":1,"minecraft:torch":63,"regions_unexplored:small_oak_log":15,"minecraft:dirt":94,"minecraft:spyglass":20,"immersive_weathering:earthen_clay":16,"minecraft:iron_axe":286,"minecraft:oak_stairs":27,"minecraft:acacia_slab":30,"regions_unexplored:stripped_small_oak_log":5,"minecraft:furnace":4,"minecraft:acacia_fence":94,"minecraft:acacia_planks":291,"minecraft:water_bucket":3,"minecraft:stone_pickaxe":131,"minecraft:baked_potato":8,"minecraft:oak_planks":383,"immersive_weathering:sandy_dirt":58,"minecraft:crafting_table":15,"minecraft:red_bed":3,"minecraft:white_bed":9,"minecraft:painting":15,"minecraft:acacia_stairs":1,"minecraft:apple":1,"minecraft:acacia_door":1,"minecraft:bread":8,"minecraft:oak_button":2,"minecraft:iron_pickaxe":291,"minecraft:oak_pressure_plate":5,"mca:cross_headstone":1,"minecraft:fishing_rod":12,"minecraft:wooden_sword":8,"minecraft:cobblestone":91,"minecraft:bucket":4,"minecraft:oak_boat":2,"minecraft:cobweb":5},"minecraft:broken":{"minecraft:stone_pickaxe":1,"minecraft:iron_axe":2,"minecraft:iron_pickaxe":1,"minecraft:stone_shovel":2},"minecraft:killed":{"minecraft:chicken":2,"minecraft:sheep":8,"minecraft:zombie":2,"minecraft:enderman":1},"minecraft:mined":{"minecraft:white_bed":7,"immersive_weathering:earthen_clay":3,"regions_unexplored:stripped_small_oak_log":12,"minecraft:granite":1,"minecraft:acacia_log":126,"minecraft:grass_block":62,"minecraft:oak_pressure_plate":4,"immersive_weathering:dune_grass":1,"minecraft:acacia_slab":7,"minecraft:oak_wall_sign":3,"minecraft:oak_trapdoor":13,"minecraft:furnace":2,"immersive_weathering:mossy_stone":7,"minecraft:iron_ore":14,"minecraft:acacia_stairs":1,"minecraft:andesite":12,"minecraft:dirt_path":23,"minecraft:oak_stairs":9,"immersive_weathering:grassy_sandy_dirt":48,"regions_unexplored:medium_grass":5,"regions_unexplored:small_oak_log":55,"minecraft:stone":280,"minecraft:orange_bed":1,"minecraft:red_bed":3,"minecraft:clay":12,"minecraft:crafting_table":12,"minecraft:torch":4,"immersive_weathering:sandy_dirt":53,"minecraft:chest":4,"minecraft:cobblestone":19,"minecraft:tall_grass":1,"minecraft:oak_planks":57,"minecraft:diorite":1,"minecraft:wall_torch":12,"minecraft:grass":93,"minecraft:coal_ore":83,"minecraft:oak_log":155,"immersive_weathering:grassy_earthen_clay":22,"minecraft:sand":15,"minecraft:acacia_fence":36,"minecraft:gravel":3,"minecraft:dirt":172,"minecraft:cobweb":5,"minecraft:acacia_planks":54,"minecraft:oak_button":2,"minecraft:oak_leaves":3,"minecraft:fern":1}},"DataVersion":3465}