{"stats":{"minecraft:crafted":{"minecraft:cherry_planks":4,"minecraft:oak_door":3,"minecraft:oak_planks":56,"minecraft:furnace":2,"minecraft:bone_meal":15,"minecraft:iron_boots":1,"minecraft:iron_axe":1,"minecraft:stone_pickaxe":1,"minecraft:chest":3,"immersive_weathering:charred_planks":1,"minecraft:crafting_table":3,"minecraft:iron_helmet":1,"minecraft:wooden_pickaxe":1,"minecraft:iron_sword":1,"minecraft:bread":13,"minecraft:air":0,"minecraft:jungle_planks":8,"minecraft:iron_chestplate":1,"minecraft:shield":1,"minecraft:stick":20,"minecraft:iron_ingot":37,"minecraft:iron_pickaxe":2,"minecraft:stone_sword":1,"minecraft:gold_ingot":12,"minecraft:iron_leggings":1},"minecraft:picked_up":{"born_in_chaos_v1:diamond_termite_shard":4,"minecraft:crafting_table":3,"minecraft:wheat":47,"minecraft:lead":1,"gravestone:obituary":1,"minecraft:chain":1,"born_in_chaos_v1:black_argillite":1,"minecraft:string":10,"minecraft:red_sand":4,"minecraft:cobbled_deepslate":11,"born_in_chaos_v1:gnawed_bones":6,"minecraft:chest":3,"minecraft:furnace":3,"minecraft:stick":22,"minecraft:raw_iron":37,"born_in_chaos_v1:shattered_skull":2,"minecraft:oak_door":15,"minecraft:torch":9,"minecraft:green_bed":4,"minecraft:cherry_log":2,"minecraft:arrow":10,"minecraft:rotten_flesh":13,"minecraft:gold_ingot":12,"minecraft:cobblestone":34,"born_in_chaos_v1:corpse_maggot":2,"minecraft:magma_block":16,"minecraft:cherry_planks":4,"minecraft:glow_ink_sac":1,"minecraft:jungle_log":4,"minecraft:leather":1,"wom:iron_greataxe":1,"minecraft:birch_planks":2,"minecraft:oak_log":14,"minecraft:gunpowder":6,"minecraft:blue_bed":2,"minecraft:dirt":1,"minecraft:orange_terracotta":2,"minecraft:smooth_sandstone":2,"minecraft:bone":5,"minecraft:apple":2,"minecraft:wheat_seeds":123,"minecraft:raw_gold":4,"minecraft:iron_ingot":5,"minecraft:iron_sword":1,"minecraft:oak_planks":1,"minecraft:granite":12,"minecraft:spruce_sign":3,"minecraft:bread":32,"minecraft:oak_sapling":18,"born_in_chaos_v1:rotten_fish":2},"minecraft:custom":{"minecraft:mob_kills":43,"minecraft:interact_with_crafting_table":21,"minecraft:open_barrel":2,"minecraft:damage_dealt_resisted":726,"minecraft:leave_game":9,"minecraft:time_since_death":59611,"minecraft:climb_one_cm":6998,"minecraft:sprint_one_cm":241569,"minecraft:walk_one_cm":443697,"minecraft:damage_blocked_by_shield":1285,"minecraft:drop":32,"minecraft:talked_to_villager":1,"minecraft:play_time":164327,"minecraft:deaths":8,"minecraft:sneak_time":3358,"minecraft:walk_under_water_one_cm":66400,"minecraft:jump":1690,"minecraft:walk_on_water_one_cm":100943,"minecraft:total_world_time":164327,"minecraft:interact_with_furnace":22,"minecraft:sleep_in_bed":11,"minecraft:time_since_rest":9444,"minecraft:waystone_activated":1,"minecraft:damage_taken":4282,"minecraft:damage_dealt":8571,"minecraft:swim_one_cm":192480,"minecraft:fly_one_cm":297742,"minecraft:open_chest":26,"minecraft:crouch_one_cm":1625,"minecraft:interact_with_smoker":2,"minecraft:fall_one_cm":47601},"minecraft:used":{"minecraft:stone_sword":131,"minecraft:chest":6,"minecraft:shield":57,"minecraft:iron_sword":94,"minecraft:iron_chestplate":1,"minecraft:oak_door":16,"minecraft:torch":8,"minecraft:dirt":1,"wom:iron_greataxe":13,"minecraft:iron_axe":22,"minecraft:iron_helmet":1,"minecraft:iron_boots":1,"minecraft:magma_block":7,"minecraft:furnace":3,"minecraft:cobbled_deepslate":5,"minecraft:iron_leggings":1,"minecraft:birch_planks":2,"minecraft:stone_pickaxe":28,"minecraft:oak_planks":17,"minecraft:wooden_pickaxe":1,"minecraft:spruce_sign":2,"minecraft:blue_bed":2,"minecraft:glow_ink_sac":1,"minecraft:green_bed":4,"minecraft:crafting_table":4,"minecraft:apple":2,"minecraft:bread":39,"minecraft:iron_pickaxe":60,"minecraft:cobblestone":28,"minecraft:bucket":1,"minecraft:bone_meal":15},"minecraft:dropped":{"minecraft:iron_sword":1,"minecraft:wheat_seeds":64,"minecraft:cherry_log":1,"born_in_chaos_v1:gnawed_bones":2,"mca:book_romance":1,"born_in_chaos_v1:black_argillite":1,"minecraft:torch":1,"minecraft:wooden_axe":1,"minecraft:chain":1,"gravestone:obituary":7,"minecraft:iron_pickaxe":1,"minecraft:stone_sword":1,"minecraft:rotten_flesh":11,"minecraft:gunpowder":2,"minecraft:jungle_log":2,"born_in_chaos_v1:corpse_maggot":2,"minecraft:oak_sapling":18,"minecraft:slime_ball":1,"minecraft:arrow":6,"minecraft:stone_pickaxe":1,"minecraft:wooden_pickaxe":2,"minecraft:magma_block":3},"minecraft:killed":{"born_in_chaos_v1:zombie_lumberjack":1,"born_in_chaos_v1:restless_spirit":1,"minecraft:spider":4,"born_in_chaos_v1:maggot":2,"minecraft:skeleton":4,"born_in_chaos_v1:baby_spider":5,"born_in_chaos_v1:corpse_fish":6,"born_in_chaos_v1:diamond_termite":1,"born_in_chaos_v1:decrepit_skeleton":2,"minecraft:trader_llama":1,"born_in_chaos_v1:decaying_zombie":1,"minecraft:zombie":8,"born_in_chaos_v1:dread_hound":3,"born_in_chaos_v1:corpse_fly":1,"minecraft:glow_squid":1},"minecraft:killed_by":{"minecraft:player":1,"born_in_chaos_v1:nightmare_stalker":1,"minecraft:skeleton":2,"minecraft:zombie":2,"born_in_chaos_v1:corpse_fish":1,"born_in_chaos_v1:skeleton_demoman":1},"minecraft:mined":{"minecraft:oak_door":13,"born_in_chaos_v1:infected_diamond_ore":1,"gravestone:gravestone":7,"minecraft:red_sand":2,"born_in_chaos_v1:black_argillite":1,"minecraft:magma_block":7,"minecraft:furnace":2,"minecraft:iron_ore":32,"minecraft:deepslate_iron_ore":6,"minecraft:stone":20,"minecraft:green_bed":3,"immersive_weathering:oak_leaf_pile":1,"minecraft:orange_terracotta":1,"minecraft:crafting_table":2,"minecraft:smooth_sandstone":1,"minecraft:torch":6,"minecraft:chest":3,"minecraft:spruce_wall_sign":2,"minecraft:cobblestone":2,"minecraft:wall_torch":1,"minecraft:birch_planks":2,"minecraft:wheat":48,"minecraft:oak_log":13,"minecraft:dirt":1,"minecraft:gold_ore":4,"minecraft:oak_leaves":5,"minecraft:deepslate":8}},"DataVersion":3465}