{"stats":{"minecraft:custom":{"minecraft:interact_with_furnace":6,"minecraft:mob_kills":17,"minecraft:interact_with_cartography_table":1,"minecraft:interact_with_crafting_table":10,"minecraft:leave_game":6,"minecraft:time_since_death":1017,"minecraft:sleep_in_bed":7,"minecraft:climb_one_cm":1421,"minecraft:time_since_rest":1056,"minecraft:waystone_activated":2,"minecraft:sprint_one_cm":195726,"minecraft:walk_one_cm":251862,"minecraft:damage_taken":7845,"minecraft:drop":15,"minecraft:damage_dealt":2051,"minecraft:swim_one_cm":11373,"minecraft:fly_one_cm":152924,"minecraft:open_chest":28,"minecraft:crouch_one_cm":1883,"minecraft:play_time":122537,"minecraft:deaths":29,"minecraft:sneak_time":521,"minecraft:walk_under_water_one_cm":6417,"minecraft:jump":1142,"minecraft:walk_on_water_one_cm":13645,"minecraft:total_world_time":122537,"minecraft:interact_with_smoker":1,"minecraft:fall_one_cm":68813,"minecraft:horse_one_cm":531333},"minecraft:mined":{"minecraft:dark_prismarine_stairs":2,"minecraft:white_bed":4,"minecraft:crafting_table":4,"minecraft:smooth_sandstone":5,"minecraft:glow_lichen":2,"minecraft:torch":1,"gravestone:gravestone":2,"minecraft:acacia_log":22,"minecraft:spruce_fence":2,"minecraft:decorated_pot":2,"regions_unexplored:small_desert_shrub":1,"minecraft:cobblestone":5,"minecraft:acacia_slab":2,"realmrpg_skeletons:bow_skeleton":1,"regions_unexplored:socotra_log":53,"immersive_weathering:regions_unexplored/socotra_leaf_pile":1,"minecraft:iron_ore":4,"minecraft:pumpkin":8,"minecraft:grass":20,"realmrpg_skeletons:rookie_skeleton":1,"minecraft:coal_ore":16,"minecraft:oak_log":26,"minecraft:vine":1,"minecraft:gravel":3,"minecraft:acacia_planks":12,"minecraft:stone":29,"minecraft:fern":3,"minecraft:oak_leaves":5},"minecraft:killed":{"minecraft:pig":2,"born_in_chaos_v1:decrepit_skeleton":1,"minecraft:sheep":4,"minecraft:zombie":3,"born_in_chaos_v1:skeleton_thrasher":1,"species:roombug":1,"species:limpet":1,"minecraft:cow":4},"minecraft:used":{"minecraft:stone_pickaxe":40,"minecraft:decorated_pot":1,"minecraft:wooden_pickaxe":28,"minecraft:torch":6,"minecraft:crafting_table":3,"minecraft:white_bed":5,"minecraft:spruce_fence":2,"waystones:waystone":2,"minecraft:acacia_sign":1,"minecraft:iron_axe":97,"minecraft:bread":5,"minecraft:map":1,"minecraft:acacia_slab":6,"minecraft:gravel":2,"minecraft:stone_axe":3,"minecraft:cobblestone":8,"minecraft:cooked_porkchop":1,"minecraft:acacia_fence":3,"minecraft:cobbled_deepslate":1,"minecraft:cooked_beef":1,"minecraft:pumpkin":2,"minecraft:acacia_planks":28},"minecraft:picked_up":{"minecraft:crafting_table":4,"minecraft:cooked_beef":1,"minecraft:leather":2,"minecraft:lead":2,"minecraft:oak_log":31,"minecraft:gunpowder":2,"minecraft:lapis_lazuli":12,"minecraft:string":2,"minecraft:iron_axe":2,"minecraft:bone":11,"minecraft:acacia_planks":11,"minecraft:apple":3,"minecraft:wheat_seeds":3,"minecraft:cobbled_deepslate":1,"minecraft:dark_prismarine_stairs":2,"minecraft:beef":8,"minecraft:birch_sapling":2,"minecraft:acacia_sapling":9,"immersive_weathering:tallow":4,"minecraft:stick":12,"minecraft:raw_iron":4,"born_in_chaos_v1:shattered_skull":1,"minecraft:cooked_porkchop":1,"minecraft:pumpkin":7,"minecraft:torch":2,"minecraft:acacia_log":17,"minecraft:spruce_fence":2,"minecraft:gravel":3,"minecraft:porkchop":5,"minecraft:white_bed":4,"born_in_chaos_v1:pieceofdarkmetal":7,"regions_unexplored:socotra_log":53,"minecraft:howl_pottery_sherd":4,"minecraft:rotten_flesh":3,"minecraft:decorated_pot":1,"regions_unexplored:socotra_sapling":4,"waystones:waystone":3,"minecraft:oak_sapling":20,"minecraft:acacia_slab":2,"minecraft:mutton":4,"minecraft:coal":16,"minecraft:skeleton_skull":1,"minecraft:white_wool":3,"minecraft:cobblestone":34},"minecraft:dropped":{"minecraft:wheat_seeds":3,"minecraft:dark_prismarine_stairs":2,"minecraft:birch_sapling":2,"minecraft:rotten_flesh":2,"minecraft:howl_pottery_sherd":4,"immersive_weathering:tallow":4,"minecraft:iron_axe":1,"minecraft:wooden_pickaxe":1,"minecraft:string":2,"minecraft:bone":4},"minecraft:killed_by":{"born_in_chaos_v1:decaying_zombie":1,"born_in_chaos_v1:nightmare_stalker":2,"minecraft:skeleton":5,"minecraft:creeper":4,"minecraft:zombie":2,"born_in_chaos_v1:swarmer":1,"minecraft:enderman":2},"minecraft:crafted":{"minecraft:acacia_slab":6,"minecraft:wooden_pickaxe":1,"minecraft:stone_axe":1,"minecraft:bread":18,"minecraft:acacia_sign":3,"minecraft:stick":4,"minecraft:iron_ingot":4,"minecraft:iron_pickaxe":1,"minecraft:stone_pickaxe":1,"minecraft:acacia_fence":3,"minecraft:white_bed":1,"minecraft:acacia_planks":68,"minecraft:torch":4,"minecraft:wheat":45}},"DataVersion":3465}