{"stats":{"minecraft:custom":{"minecraft:mob_kills":78,"minecraft:interact_with_crafting_table":51,"minecraft:open_barrel":10,"minecraft:damage_dealt_resisted":100,"minecraft:leave_game":8,"minecraft:time_since_death":178543,"minecraft:climb_one_cm":28038,"minecraft:sprint_one_cm":597307,"minecraft:walk_one_cm":664617,"minecraft:damage_blocked_by_shield":320,"minecraft:drop":62,"minecraft:talked_to_villager":4,"minecraft:play_time":360528,"minecraft:deaths":5,"minecraft:sneak_time":2516,"minecraft:walk_under_water_one_cm":28382,"minecraft:boat_one_cm":100667,"minecraft:jump":5745,"minecraft:walk_on_water_one_cm":59261,"minecraft:total_world_time":360528,"minecraft:interact_with_furnace":127,"minecraft:interact_with_loom":1,"minecraft:sleep_in_bed":26,"minecraft:time_since_rest":858,"minecraft:waystone_activated":2,"minecraft:damage_taken":6109,"minecraft:damage_dealt":13484,"minecraft:swim_one_cm":89160,"minecraft:fly_one_cm":1183476,"minecraft:open_chest":33,"minecraft:crouch_one_cm":8408,"minecraft:interact_with_smoker":13,"minecraft:fall_one_cm":183354},"minecraft:broken":{"minecraft:stone_axe":1,"minecraft:iron_pickaxe":1,"minecraft:wooden_axe":1},"minecraft:mined":{"minecraft:dark_prismarine_stairs":2,"minecraft:white_bed":11,"species:birt_dwelling":1,"regions_unexplored:pink_lupine":5,"gravestone:gravestone":2,"minecraft:granite":37,"minecraft:spruce_fence":2,"minecraft:grass_block":1,"minecraft:polished_andesite_slab":1,"minecraft:sandstone":4,"minecraft:hay_block":25,"minecraft:furnace":9,"minecraft:iron_ore":103,"minecraft:fire":1,"realmrpg_skeletons:cactus_skeleton":1,"regions_unexplored:redwood_planks":1,"minecraft:andesite":10,"minecraft:stripped_spruce_log":2,"minecraft:deepslate_lapis_ore":3,"minecraft:dark_oak_stairs":1,"realmrpg_skeletons:rookie_skeleton":2,"minecraft:deepslate_iron_ore":19,"minecraft:lantern":1,"minecraft:pink_tulip":7,"regions_unexplored:medium_grass":6,"regions_unexplored:redwood_log":25,"minecraft:stone":519,"regions_unexplored:windswept_grass":1,"minecraft:white_wool":3,"minecraft:green_bed":1,"regions_unexplored:dead_steppe_shrub":2,"minecraft:crafting_table":6,"born_in_chaos_v1:infected_deepslate_diamond_ore":1,"minecraft:torch":7,"regions_unexplored:small_desert_shrub":1,"minecraft:dead_bush":1,"minecraft:cobblestone":16,"minecraft:tall_grass":22,"realmrpg_skeletons:quicksand_skeleton":1,"minecraft:deepslate_gold_ore":1,"minecraft:lapis_ore":1,"minecraft:sugar_cane":26,"minecraft:diorite":22,"regions_unexplored:tsubaki":3,"minecraft:wall_torch":11,"mca:cross_headstone":1,"minecraft:birch_planks":2,"minecraft:sweet_berry_bush":2,"minecraft:birch_log":50,"minecraft:birch_door":2,"minecraft:grass":109,"minecraft:coal_ore":40,"minecraft:oak_log":158,"minecraft:flower_pot":1,"minecraft:gravel":4,"minecraft:sand":4,"minecraft:dirt":11,"minecraft:sandstone_wall":2,"minecraft:polished_andesite":1,"minecraft:deepslate":41,"minecraft:fern":4,"regions_unexplored:fireweed":3},"minecraft:killed":{"born_in_chaos_v1:restless_spirit":1,"minecraft:spider":2,"minecraft:vindicator":1,"born_in_chaos_v1:siamese_skeletonsright":2,"born_in_chaos_v1:baby_skeleton_minion":1,"born_in_chaos_v1:maggot":4,"minecraft:skeleton":2,"born_in_chaos_v1:skeleton_thrasher":1,"born_in_chaos_v1:corpse_fish":2,"born_in_chaos_v1:firelight_not_despawn":2,"born_in_chaos_v1:bonescaller":1,"minecraft:pig":2,"born_in_chaos_v1:diamond_termite":2,"born_in_chaos_v1:baby_skeleton":2,"born_in_chaos_v1:swarmer":2,"born_in_chaos_v1:spirit_guide_assistant":2,"irons_spellbooks:necromancer":1,"born_in_chaos_v1:decrepit_skeleton":1,"minecraft:sheep":4,"born_in_chaos_v1:bloody_gadfly":1,"minecraft:pillager":2,"minecraft:zombie":9,"born_in_chaos_v1:dread_hound":4,"born_in_chaos_v1:corpse_fly":8,"born_in_chaos_v1:dark_vortex":2,"minecraft:wither_skeleton":1,"born_in_chaos_v1:siamese_skeletonsleft":2,"minecraft:cow":14},"minecraft:used":{"minecraft:chest":3,"minecraft:shield":5,"minecraft:torch":47,"minecraft:dirt":2,"minecraft:birch_door":3,"minecraft:wooden_axe":28,"minecraft:flowering_azalea":1,"minecraft:iron_axe":50,"born_in_chaos_v1:gnawed_bones":1,"minecraft:hay_block":4,"minecraft:sweet_berries":5,"minecraft:furnace":12,"minecraft:cooked_beef":30,"minecraft:dark_prismarine_stairs":2,"goblins_tyranny:goblins_tyranny_guide":2,"minecraft:cooked_mutton":8,"minecraft:water_bucket":9,"minecraft:diorite":2,"minecraft:birch_planks":13,"minecraft:polished_andesite":1,"minecraft:stone_pickaxe":96,"minecraft:wooden_pickaxe":32,"minecraft:sandstone":4,"minecraft:sugar_cane":5,"minecraft:green_bed":1,"minecraft:sand":4,"regions_unexplored:redwood_planks":4,"minecraft:crafting_table":8,"minecraft:white_bed":12,"minecraft:smoker":1,"epicfight:iron_tachi":212,"minecraft:apple":1,"minecraft:bread":49,"minecraft:iron_pickaxe":724,"species:birt_dwelling":1,"goblins_tyranny:totem_block":2,"minecraft:polished_andesite_slab":1,"minecraft:stone_axe":60,"minecraft:cobblestone":203,"born_in_chaos_v1:rotten_fish":1,"minecraft:bucket":10,"minecraft:andesite":1,"minecraft:oak_boat":1,"minecraft:bone_meal":19},"minecraft:picked_up":{"born_in_chaos_v1:diamond_termite_shard":2,"minecraft:charcoal":65,"minecraft:crafting_table":6,"minecraft:birch_door":2,"minecraft:iron_axe":1,"born_in_chaos_v1:stimulating_bomb":1,"irons_spellbooks:arcane_essence":3,"minecraft:cobbled_deepslate":41,"minecraft:dark_prismarine_stairs":2,"minecraft:beef":30,"born_in_chaos_v1:gnawed_bones":2,"minecraft:iron_pickaxe":1,"regions_unexplored:redwood_planks":1,"minecraft:sugar_cane":69,"minecraft:birch_sapling":14,"regions_unexplored:redwood_log":10,"minecraft:furnace":9,"minecraft:raw_iron":122,"minecraft:stick":81,"minecraft:sandstone":4,"born_in_chaos_v1:shattered_skull":2,"species:birt_dwelling":1,"minecraft:torch":19,"minecraft:green_bed":2,"minecraft:spruce_fence":2,"minecraft:sandstone_wall":2,"minecraft:porkchop":4,"minecraft:diorite":24,"born_in_chaos_v1:pieceofdarkmetal":6,"minecraft:arrow":2,"minecraft:rotten_flesh":10,"minecraft:cactus":1,"regions_unexplored:tsubaki":3,"minecraft:hay_block":25,"minecraft:pink_tulip":6,"minecraft:gold_ingot":1,"minecraft:mutton":8,"minecraft:white_wool":13,"minecraft:cobblestone":464,"born_in_chaos_v1:fused_bone":2,"minecraft:birch_log":52,"born_in_chaos_v1:corpse_maggot":13,"minecraft:andesite":10,"minecraft:leather":16,"map_atlases:atlas":2,"minecraft:birch_planks":2,"minecraft:oak_log":166,"minecraft:lantern":1,"minecraft:lapis_lazuli":28,"minecraft:dirt":14,"minecraft:white_banner":3,"minecraft:bone":16,"minecraft:apple":11,"minecraft:wheat_seeds":20,"minecraft:raw_gold":1,"minecraft:oak_planks":33,"minecraft:polished_andesite_slab":1,"immersive_weathering:tallow":6,"minecraft:dark_oak_stairs":1,"minecraft:sweet_berries":6,"born_in_chaos_v1:ethereal_spirit":3,"minecraft:gravel":4,"goblins_tyranny:goblins_tyranny_guide":1,"born_in_chaos_v1:dark_rod":3,"minecraft:sand":4,"minecraft:stripped_spruce_log":2,"minecraft:white_bed":11,"regions_unexplored:pink_lupine":4,"minecraft:polished_andesite":1,"minecraft:slime_ball":2,"born_in_chaos_v1:fire_dust":2,"regions_unexplored:fireweed":3,"minecraft:granite":37,"minecraft:bone_meal":1,"minecraft:bread":95,"minecraft:spruce_sign":3,"minecraft:emerald":2,"minecraft:oak_sapling":96,"born_in_chaos_v1:rotten_fish":1,"minecraft:coal":76},"minecraft:dropped":{"minecraft:spruce_sign":3,"minecraft:enchanted_book":1,"regions_unexplored:tsubaki":3,"regions_unexplored:fireweed":3,"minecraft:wheat_seeds":20,"minecraft:oak_log":8,"born_in_chaos_v1:fried_maggot":3,"minecraft:apple":1,"minecraft:granite":3,"map_atlases:atlas":2,"born_in_chaos_v1:pieceofdarkmetal":6,"minecraft:dirt":6,"mca:book_romance":1,"minecraft:diorite":8,"minecraft:torch":64,"born_in_chaos_v1:fused_bone":2,"irons_spellbooks:arcane_essence":3,"gravestone:obituary":4,"minecraft:white_banner":3,"epicfight:iron_tachi":1,"minecraft:iron_axe":1,"minecraft:iron_pickaxe":1,"minecraft:cactus":1,"minecraft:white_wool":1,"minecraft:bone":1,"minecraft:pink_tulip":6,"minecraft:gravel":2,"minecraft:sweet_berries":4,"minecraft:sugar_cane":1,"born_in_chaos_v1:fire_dust":2,"minecraft:cobbled_deepslate":41,"born_in_chaos_v1:spiritual_dust":1,"minecraft:spruce_fence":2,"minecraft:white_bed":1,"regions_unexplored:pink_lupine":4,"goblins_tyranny:goblins_tyranny_guide":1,"minecraft:sandstone_wall":2,"minecraft:hay_block":21,"minecraft:charcoal":10,"born_in_chaos_v1:corpse_maggot":10,"minecraft:oak_sapling":96,"born_in_chaos_v1:diamond_termite_shard":2,"immersive_weathering:tallow":6,"minecraft:slime_ball":2,"minecraft:raw_gold":1,"regions_unexplored:oak_branch":2},"minecraft:killed_by":{"minecraft:player":1,"born_in_chaos_v1:baby_spider":1,"irons_spellbooks:necromancer":1,"minecraft:skeleton":1},"minecraft:crafted":{"minecraft:oak_planks":52,"born_in_chaos_v1:dark_charge":4,"minecraft:furnace":4,"minecraft:bone_meal":57,"goblins_tyranny:totem_block":2,"minecraft:cooked_mutton":8,"minecraft:iron_boots":1,"minecraft:iron_axe":2,"born_in_chaos_v1:fried_maggot":3,"minecraft:stone_pickaxe":1,"minecraft:chest":3,"minecraft:birch_door":3,"minecraft:smoker":1,"minecraft:cooked_beef":30,"minecraft:crafting_table":2,"minecraft:iron_helmet":1,"minecraft:wooden_pickaxe":2,"minecraft:iron_sword":2,"minecraft:bucket":1,"minecraft:bone":6,"minecraft:birch_planks":80,"minecraft:stone_axe":2,"regions_unexplored:oak_branch":2,"minecraft:air":0,"epicfight:iron_tachi":2,"regions_unexplored:redwood_planks":40,"minecraft:oak_boat":1,"minecraft:book":16,"minecraft:paper":63,"minecraft:iron_chestplate":1,"minecraft:charcoal":41,"born_in_chaos_v1:spiritual_dust":18,"minecraft:shield":1,"minecraft:stick":52,"minecraft:iron_ingot":122,"minecraft:iron_pickaxe":5,"minecraft:wooden_axe":2,"minecraft:iron_leggings":1,"minecraft:white_bed":2,"minecraft:torch":100,"minecraft:shears":1}},"DataVersion":3465}