{"stats":{"minecraft:dropped":{"minecraft:iron_sword":2,"minecraft:stripped_spruce_log":3,"minecraft:jungle_planks":1,"map_atlases:atlas":1,"minecraft:spruce_fence_gate":1,"epicfight:iron_longsword":2,"born_in_chaos_v1:monster_flesh":1,"minecraft:jungle_slab":7,"minecraft:flowering_azalea":3,"minecraft:sand":7,"minecraft:blue_bed":2,"minecraft:bone":6,"minecraft:gravel":2,"minecraft:raw_copper":5,"irons_spellbooks:graybeard_staff":2,"minecraft:rotten_flesh":2,"minecraft:iron_hoe":1,"minecraft:jungle_trapdoor":1,"minecraft:shield":1,"minecraft:peony":2,"minecraft:andesite":5,"born_in_chaos_v1:diamond_termite_shard":2},"minecraft:used":{"minecraft:chest":10,"minecraft:shield":14,"minecraft:iron_sword":22,"minecraft:torch":40,"minecraft:jungle_planks":3,"minecraft:carrot":1,"minecraft:jungle_slab":3,"minecraft:spruce_fence":4,"minecraft:stripped_spruce_log":3,"minecraft:iron_axe":55,"minecraft:packed_mud":2,"minecraft:barrel":3,"minecraft:blue_banner":2,"minecraft:furnace":8,"epicfight:skillbook":1,"minecraft:diorite":4,"minecraft:spruce_door":1,"minecraft:sandstone":4,"epicfight:iron_longsword":98,"minecraft:blue_bed":1,"minecraft:sand":1,"minecraft:crafting_table":5,"minecraft:blast_furnace":1,"minecraft:smoker":2,"minecraft:apple":5,"minecraft:bread":18,"minecraft:iron_pickaxe":240,"minecraft:spruce_trapdoor":6,"minecraft:cobblestone":36,"minecraft:andesite":1},"minecraft:custom":{"minecraft:mob_kills":17,"minecraft:interact_with_crafting_table":33,"minecraft:open_barrel":3,"minecraft:damage_dealt_resisted":225,"minecraft:leave_game":10,"minecraft:time_since_death":6539,"minecraft:climb_one_cm":2231,"minecraft:sprint_one_cm":236237,"minecraft:walk_one_cm":834031,"minecraft:damage_blocked_by_shield":405,"minecraft:drop":42,"minecraft:talked_to_villager":1,"minecraft:play_time":305804,"minecraft:deaths":2,"minecraft:sneak_time":706,"minecraft:walk_under_water_one_cm":45918,"minecraft:jump":1460,"minecraft:interact_with_blast_furnace":2,"minecraft:walk_on_water_one_cm":68806,"minecraft:total_world_time":305804,"minecraft:interact_with_furnace":37,"minecraft:traded_with_villager":9,"minecraft:sleep_in_bed":18,"minecraft:time_since_rest":3981,"minecraft:waystone_activated":3,"minecraft:damage_taken":1787,"minecraft:damage_dealt":2886,"minecraft:fly_one_cm":125052,"minecraft:swim_one_cm":45900,"minecraft:open_chest":19,"minecraft:crouch_one_cm":277,"minecraft:interact_with_smoker":1,"minecraft:fall_one_cm":18517},"minecraft:killed":{"minecraft:slime":4,"born_in_chaos_v1:baby_skeleton_minion":1,"minecraft:skeleton":2,"born_in_chaos_v1:corpse_fish":1,"born_in_chaos_v1:spiritof_chaos":1,"born_in_chaos_v1:diamond_termite":1,"born_in_chaos_v1:baby_skeleton":1,"minecraft:creeper":2,"minecraft:zombie":3,"born_in_chaos_v1:dread_hound":1},"minecraft:killed_by":{"minecraft:zombie":2},"minecraft:mined":{"minecraft:jungle_slab":1,"minecraft:potted_flowering_azalea_bush":2,"born_in_chaos_v1:infected_diamond_ore":2,"minecraft:spruce_trapdoor":13,"gravestone:gravestone":1,"minecraft:acacia_log":4,"minecraft:grass_block":1,"minecraft:spruce_fence":6,"minecraft:jungle_planks":3,"minecraft:jungle_log":12,"minecraft:sandstone":4,"minecraft:sandstone_stairs":1,"minecraft:magma_block":5,"minecraft:furnace":8,"minecraft:packed_mud":2,"minecraft:iron_ore":43,"minecraft:turtle_egg":3,"minecraft:barrel":3,"minecraft:stripped_spruce_log":4,"minecraft:andesite":6,"minecraft:peony":1,"minecraft:stone":76,"minecraft:jungle_trapdoor":1,"regions_unexplored:dead_steppe_shrub":1,"minecraft:blue_wall_banner":2,"minecraft:smoker":2,"minecraft:spruce_door":1,"minecraft:smooth_sandstone":1,"minecraft:crafting_table":5,"minecraft:chest":6,"minecraft:andesite_wall":2,"minecraft:copper_ore":1,"minecraft:cobblestone":6,"minecraft:deepslate_gold_ore":2,"minecraft:blue_bed":4,"minecraft:diorite":5,"minecraft:spruce_stairs":3,"minecraft:sea_pickle":1,"minecraft:coal_ore":51,"minecraft:gravel":2,"minecraft:sand":6,"minecraft:dispenser":1,"minecraft:spruce_fence_gate":1,"minecraft:gold_ore":1,"minecraft:deepslate":10},"minecraft:crafted":{"minecraft:smooth_stone":6,"minecraft:tripwire_hook":2,"minecraft:furnace":2,"minecraft:blast_furnace":1,"minecraft:stone":9,"minecraft:bow":1,"minecraft:iron_boots":1,"minecraft:iron_axe":1,"minecraft:iron_hoe":1,"minecraft:chest":4,"minecraft:crossbow":1,"minecraft:emerald":9,"minecraft:crafting_table":1,"minecraft:iron_helmet":1,"minecraft:iron_sword":1,"epicfight:iron_longsword":2,"minecraft:jungle_slab":6,"minecraft:jungle_planks":48,"minecraft:iron_chestplate":1,"minecraft:shield":1,"minecraft:stick":32,"minecraft:iron_ingot":41,"minecraft:iron_pickaxe":2,"minecraft:iron_leggings":1,"minecraft:acacia_planks":16,"minecraft:torch":44},"minecraft:picked_up":{"minecraft:crafting_table":5,"born_in_chaos_v1:diamond_termite_shard":4,"minecraft:wheat":203,"minecraft:flower_pot":2,"minecraft:shield":1,"epicfight:iron_longsword":1,"minecraft:jungle_trapdoor":2,"minecraft:string":2,"minecraft:raw_copper":5,"irons_spellbooks:graybeard_staff":2,"born_in_chaos_v1:intoxicating_decoction":1,"minecraft:sea_pickle":5,"minecraft:cobbled_deepslate":11,"minecraft:jungle_sapling":1,"minecraft:iron_pickaxe":1,"minecraft:chest":6,"minecraft:spruce_trapdoor":13,"minecraft:furnace":8,"minecraft:raw_iron":41,"minecraft:sandstone":4,"minecraft:torch":1,"minecraft:acacia_log":4,"minecraft:spruce_stairs":3,"minecraft:spruce_fence":6,"epicfight:skillbook":1,"minecraft:diorite":4,"born_in_chaos_v1:pieceofdarkmetal":1,"minecraft:carrot":1,"minecraft:andesite_wall":2,"minecraft:arrow":7,"minecraft:rotten_flesh":2,"minecraft:peony":3,"minecraft:sandstone_stairs":1,"minecraft:cobblestone":81,"born_in_chaos_v1:corpse_maggot":1,"minecraft:magma_block":1,"born_in_chaos_v1:monster_flesh":2,"minecraft:glow_ink_sac":2,"minecraft:andesite":6,"minecraft:jungle_log":12,"minecraft:smoker":2,"map_atlases:atlas":1,"minecraft:packed_mud":2,"minecraft:tuff":1,"minecraft:blue_bed":4,"minecraft:dirt":1,"born_in_chaos_v1:monster_skin":2,"minecraft:smooth_sandstone":1,"minecraft:bone":6,"minecraft:apple":5,"minecraft:raw_gold":3,"minecraft:iron_ingot":27,"minecraft:oak_planks":7,"minecraft:acacia_sapling":1,"minecraft:iron_sword":4,"minecraft:flowering_azalea":4,"minecraft:sweet_berries":5,"minecraft:gravel":2,"minecraft:sand":8,"minecraft:jungle_planks":3,"minecraft:stripped_spruce_log":7,"minecraft:jungle_slab":8,"minecraft:spruce_door":1,"minecraft:barrel":3,"minecraft:spruce_fence_gate":2,"minecraft:dispenser":1,"minecraft:slime_ball":1,"minecraft:bread":45,"minecraft:blue_banner":2,"mca:book_infection":1,"minecraft:coal":49}},"DataVersion":3465}