{"stats":{"minecraft:picked_up":{"minecraft:birch_door":20,"minecraft:wheat":2068,"minecraft:flower_pot":1,"minecraft:enchanted_book":2,"born_in_chaos_v1:black_argillite":1,"irons_spellbooks:graybeard_staff":2,"minecraft:string":9,"minecraft:raw_copper":4,"minecraft:cherry_boat":3,"irons_spellbooks:arcane_essence":3,"regions_unexplored:bamboo_sapling":2,"minecraft:cobbled_deepslate":48,"mca:male_villager_spawn_egg":4,"minecraft:iron_pickaxe":2,"born_in_chaos_v1:stimulating_decoction":5,"minecraft:melon_slice":117,"minecraft:mangrove_log":1,"minecraft:stick":91,"born_in_chaos_v1:shattered_skull":1,"minecraft:oak_fence":1,"minecraft:torch":187,"minecraft:green_bed":2,"epicfight:skillbook":3,"minecraft:porkchop":6,"minecraft:diorite":25,"born_in_chaos_v1:nightmare_claw":1,"mca:female_villager_spawn_egg":5,"minecraft:jungle_chest_boat":2,"minecraft:stone_sword":3,"born_in_chaos_v1:fried_maggot":1,"minecraft:cactus":1,"minecraft:rotten_flesh":86,"minecraft:cobblestone":223,"epicfight:stone_spear":4,"minecraft:mangrove_chest_boat":2,"born_in_chaos_v1:spiritual_dust":1,"minecraft:andesite":28,"minecraft:dark_oak_boat":2,"immersive_weathering:sandy_dirt":12,"minecraft:potato":19,"regions_unexplored:dead_steppe_shrub":6,"map_atlases:atlas":4,"minecraft:flint":1,"minecraft:acacia_boat":2,"minecraft:map":1,"minecraft:lapis_lazuli":201,"minecraft:dirt":61,"born_in_chaos_v1:nightmare_stalker_skull":1,"born_in_chaos_v1:monster_skin":5,"born_in_chaos_v1:marigolds":3,"minecraft:bone":49,"minecraft:hanging_roots":224,"minecraft:bow":1,"minecraft:wheat_seeds":5575,"minecraft:raw_gold":34,"minecraft:cherry_chest_boat":2,"minecraft:oak_planks":12,"immersive_weathering:tallow":7,"regions_unexplored:bamboo_log":10,"minecraft:birch_chest_boat":2,"minecraft:sand":709,"regions_unexplored:pink_lupine":1,"minecraft:iron_hoe":1,"minecraft:polished_andesite":1,"minecraft:sugar":8,"born_in_chaos_v1:fire_dust":2,"minecraft:spruce_boat":5,"minecraft:granite":36,"minecraft:bone_meal":3,"minecraft:acacia_chest_boat":3,"minecraft:spruce_sign":2,"minecraft:golden_horse_armor":1,"minecraft:rooted_dirt":2,"minecraft:oak_sapling":174,"born_in_chaos_v1:rotten_fish":1,"minecraft:charcoal":10,"born_in_chaos_v1:diamond_termite_shard":14,"minecraft:crafting_table":2,"regions_unexplored:oak_branch":2,"minecraft:ladder":3,"born_in_chaos_v1:seedof_chaos":2,"gravestone:obituary":8,"minecraft:shield":1,"born_in_chaos_v1:intoxicating_decoction":4,"minecraft:dark_prismarine_stairs":2,"born_in_chaos_v1:gnawed_bones":1,"minecraft:sugar_cane":78,"minecraft:chest":2,"minecraft:birch_sapling":1,"minecraft:spruce_trapdoor":6,"minecraft:raw_iron":302,"minecraft:sandstone":120,"minecraft:cookie":4,"born_in_chaos_v1:pieceofdarkmetal":9,"minecraft:redstone":25,"minecraft:arrow":21,"minecraft:jungle_stairs":1,"minecraft:hay_block":48,"minecraft:pink_tulip":1,"minecraft:gold_ingot":6,"minecraft:mutton":1,"minecraft:white_wool":2,"born_in_chaos_v1:fused_bone":6,"born_in_chaos_v1:corpse_maggot":18,"minecraft:jungle_boat":3,"minecraft:golden_carrot":1,"born_in_chaos_v1:monster_flesh":3,"minecraft:glow_ink_sac":2,"waystones:sandy_waystone":1,"minecraft:oak_log":284,"minecraft:gunpowder":2,"mca:book_romance":2,"minecraft:blue_bed":3,"minecraft:smooth_sandstone":16,"minecraft:mangrove_boat":2,"minecraft:apple":14,"minecraft:iron_ingot":1,"mca:villager_editor":1,"minecraft:polished_andesite_slab":1,"minecraft:birch_boat":3,"minecraft:sweet_berries":315,"epicfight:iron_spear":1,"born_in_chaos_v1:ethereal_spirit":7,"minecraft:gravel":14,"goblins_tyranny:goblins_tyranny_guide":1,"born_in_chaos_v1:dark_rod":2,"minecraft:dark_oak_chest_boat":2,"minecraft:spider_eye":1,"minecraft:slime_ball":4,"immersive_weathering:earthen_clay":59,"minecraft:coal":76,"minecraft:ender_pearl":1},"minecraft:killed_by":{"born_in_chaos_v1:nightmare_stalker":2,"born_in_chaos_v1:corpse_fly":1,"cataclysm:deepling":1,"born_in_chaos_v1:diamond_termite":1,"born_in_chaos_v1:lifestealer_true_form":1,"born_in_chaos_v1:fallen_chaos_knight":2,"irons_spellbooks:necromancer":2,"born_in_chaos_v1:dread_hound":1},"minecraft:crafted":{"minecraft:oak_planks":780,"epicfight:iron_spear":2,"minecraft:iron_boots":1,"wom:iron_greataxe":1,"minecraft:chest":2,"minecraft:oak_fence":69,"irons_spellbooks:scroll":1,"minecraft:wooden_shovel":1,"minecraft:emerald":12,"born_in_chaos_v1:smoked_fish":1,"minecraft:map":2,"minecraft:crafting_table":5,"minecraft:iron_helmet":1,"minecraft:baked_potato":6,"minecraft:wooden_pickaxe":1,"minecraft:bamboo_planks":18,"minecraft:charcoal":58,"minecraft:book":2,"minecraft:iron_chestplate":1,"minecraft:paper":24,"minecraft:stick":156,"minecraft:iron_pickaxe":5,"minecraft:compass":2,"minecraft:iron_ingot":302,"minecraft:stone_sword":2,"minecraft:gold_ingot":26,"minecraft:wooden_sword":4,"minecraft:furnace":1,"minecraft:bone_meal":210,"irons_spellbooks:graybeard_staff":1,"map_atlases:atlas":6,"minecraft:diamond":1,"minecraft:leather":2,"minecraft:iron_axe":2,"born_in_chaos_v1:stimulating_bomb":1,"minecraft:iron_hoe":5,"minecraft:stone_pickaxe":2,"minecraft:wheat":369,"minecraft:sugar":12,"epicfight:stone_spear":1,"minecraft:iron_sword":3,"minecraft:bucket":1,"minecraft:bread":607,"minecraft:gold_nugget":9,"minecraft:golden_apple":2,"minecraft:wooden_axe":1,"minecraft:oak_stairs":64,"minecraft:iron_shovel":2,"minecraft:iron_leggings":1,"minecraft:torch":552},"minecraft:custom":{"minecraft:interact_with_crafting_table":138,"minecraft:open_barrel":137,"minecraft:leave_game":19,"minecraft:time_since_death":154202,"minecraft:sprint_one_cm":4854318,"minecraft:drop":240,"minecraft:talked_to_villager":14,"minecraft:play_time":1248462,"minecraft:deaths":13,"minecraft:jump":12461,"minecraft:walk_on_water_one_cm":218436,"minecraft:interact_with_furnace":146,"minecraft:traded_with_villager":13,"minecraft:interact_with_loom":5,"minecraft:sleep_in_bed":94,"minecraft:waystone_activated":3,"minecraft:damage_dealt":26895,"minecraft:player_kills":2,"minecraft:crouch_one_cm":36791,"minecraft:interact_with_smoker":7,"minecraft:interact_with_anvil":2,"minecraft:mob_kills":148,"minecraft:damage_dealt_resisted":699,"minecraft:climb_one_cm":32348,"minecraft:walk_one_cm":4801526,"minecraft:sneak_time":17545,"minecraft:walk_under_water_one_cm":232202,"minecraft:boat_one_cm":3,"minecraft:total_world_time":1248462,"minecraft:time_since_rest":0,"minecraft:damage_taken":11348,"minecraft:swim_one_cm":232758,"minecraft:fly_one_cm":1675706,"minecraft:open_chest":128,"minecraft:fall_one_cm":155655},"minecraft:dropped":{"minecraft:iron_sword":2,"minecraft:glow_ink_sac":2,"born_in_chaos_v1:fried_maggot":1,"born_in_chaos_v1:pieceofdarkmetal":2,"map_atlases:atlas":4,"minecraft:dirt":1,"minecraft:mutton":1,"minecraft:mangrove_boat":1,"gravestone:obituary":19,"minecraft:gold_nugget":9,"minecraft:sand":5,"minecraft:sugar":8,"minecraft:iron_pickaxe":4,"minecraft:white_wool":2,"minecraft:blue_bed":1,"minecraft:gold_ingot":7,"minecraft:gravel":10,"minecraft:sugar_cane":13,"minecraft:cobbled_deepslate":8,"minecraft:wheat":304,"minecraft:birch_sapling":1,"minecraft:rotten_flesh":51,"minecraft:oak_planks":37,"goblins_tyranny:goblins_tyranny_guide":1,"minecraft:carrot":1,"mca:villager_editor":2,"minecraft:chest":2,"born_in_chaos_v1:corpse_maggot":11,"born_in_chaos_v1:diamond_termite_shard":1,"mca:book_infection":1,"minecraft:arrow":8,"mca:male_villager_spawn_egg":4,"minecraft:bread":172,"minecraft:iron_ingot":27,"minecraft:enchanted_book":1,"born_in_chaos_v1:intoxicating_decoction":1,"born_in_chaos_v1:shattered_skull":1,"minecraft:wheat_seeds":1597,"minecraft:cobblestone":53,"wom:iron_greataxe":1,"minecraft:apple":5,"minecraft:granite":13,"epicfight:stone_spear":4,"minecraft:stick":3,"born_in_chaos_v1:gnawed_bones":1,"mca:book_romance":1,"minecraft:diorite":16,"minecraft:torch":37,"minecraft:map":1,"regions_unexplored:dead_steppe_shrub":6,"minecraft:cactus":1,"minecraft:iron_shovel":1,"minecraft:hanging_roots":162,"minecraft:pink_tulip":1,"epicfight:iron_spear":1,"minecraft:sweet_berries":10,"minecraft:stone_sword":3,"minecraft:green_bed":1,"irons_spellbooks:graybeard_staff":2,"mca:female_villager_spawn_egg":5,"regions_unexplored:pink_lupine":1,"regions_unexplored:bamboo_sapling":2,"born_in_chaos_v1:stimulating_bomb":1,"minecraft:shield":1,"minecraft:flower_pot":1,"minecraft:spruce_trapdoor":2,"minecraft:andesite":27,"minecraft:oak_sapling":73,"minecraft:spider_eye":1,"minecraft:sandstone":2,"minecraft:bow":1,"minecraft:stone_pickaxe":2,"minecraft:wooden_pickaxe":1,"epicfight:skillbook":1},"minecraft:killed":{"born_in_chaos_v1:zombie_clown":1,"minecraft:cave_spider":1,"born_in_chaos_v1:restless_spirit":3,"born_in_chaos_v1:zombie_lumberjack":1,"minecraft:spider":5,"born_in_chaos_v1:siamese_skeletonsright":1,"minecraft:skeleton":14,"minecraft:pig":3,"born_in_chaos_v1:diamond_termite":12,"minecraft:zombie_villager":2,"minecraft:creeper":2,"minecraft:sheep":1,"minecraft:zombie":29,"born_in_chaos_v1:dread_hound":4,"born_in_chaos_v1:corpse_fly":8,"cataclysm:deepling":1,"born_in_chaos_v1:siamese_skeletonsleft":1,"irons_spellbooks:summoned_zombie":3,"mca:male_zombie_villager":1,"minecraft:slime":4,"born_in_chaos_v1:zombie_bruiser":3,"born_in_chaos_v1:maggot":6,"born_in_chaos_v1:baby_spider":6,"minecraft:drowned":1,"born_in_chaos_v1:corpse_fish":3,"born_in_chaos_v1:spiritof_chaos":1,"born_in_chaos_v1:spirit_guide":1,"born_in_chaos_v1:fallen_chaos_knight":1,"minecraft:husk":2,"born_in_chaos_v1:baby_skeleton":2,"born_in_chaos_v1:swarmer":1,"born_in_chaos_v1:spirit_guide_assistant":4,"born_in_chaos_v1:decrepit_skeleton":6,"born_in_chaos_v1:decaying_zombie":1,"born_in_chaos_v1:dark_vortex":1,"born_in_chaos_v1:nightmare_stalker":1,"minecraft:enderman":3},"minecraft:mined":{"minecraft:dark_prismarine_stairs":2,"minecraft:attached_melon_stem":1,"minecraft:oak_sapling":2,"minecraft:farmland":22,"immersive_weathering:earthen_clay":59,"minecraft:spruce_trapdoor":4,"minecraft:granite":32,"minecraft:grass_block":25,"minecraft:iron_ore":254,"minecraft:deepslate_lapis_ore":14,"realmrpg_skeletons:devastated_skeleton":1,"minecraft:green_bed":2,"immersive_weathering:oak_leaf_pile":1,"minecraft:deepslate_redstone_ore":6,"regions_unexplored:dead_steppe_shrub":6,"minecraft:torch":41,"minecraft:jungle_stairs":1,"immersive_weathering:sandy_dirt":10,"minecraft:melon":23,"minecraft:dead_bush":9,"immersive_weathering:regions_unexplored/bamboo_leaf_pile":1,"minecraft:cobblestone":26,"minecraft:sugar_cane":40,"immersive_weathering:hanging_roots_wall":2,"minecraft:oak_planks":8,"regions_unexplored:bamboo_log":1,"minecraft:wall_torch":25,"minecraft:seagrass":3,"realmrpg_skeletons:bow_skeleton":1,"realmrpg_skeletons:webbed_skeleton":1,"minecraft:wheat":1991,"realmrpg_skeletons:acrobat_skeleton":1,"minecraft:birch_door":19,"regions_unexplored:steppe_grass":3,"minecraft:grass":323,"minecraft:oak_log":291,"minecraft:sand":707,"minecraft:dirt":15,"minecraft:oak_leaves":2,"minecraft:deepslate":45,"minecraft:tuff":3,"born_in_chaos_v1:infected_diamond_ore":10,"gravestone:gravestone":14,"minecraft:ladder":3,"born_in_chaos_v1:black_argillite":1,"minecraft:polished_andesite_slab":1,"minecraft:rooted_dirt":2,"minecraft:sandstone":126,"born_in_chaos_v1:gnawed_bones":1,"minecraft:hay_block":27,"realmrpg_skeletons:cactus_skeleton":1,"minecraft:andesite":30,"minecraft:potatoes":4,"minecraft:deepslate_iron_ore":50,"regions_unexplored:medium_grass":224,"immersive_weathering:ivy":66,"minecraft:stone":218,"regions_unexplored:windswept_grass":145,"minecraft:oak_fence":1,"minecraft:smooth_sandstone":16,"minecraft:crafting_table":2,"immersive_weathering:sandy_farmland":2,"minecraft:copper_ore":1,"minecraft:lapis_ore":18,"minecraft:deepslate_gold_ore":16,"realmrpg_skeletons:quicksand_skeleton":1,"minecraft:diorite":20,"minecraft:blue_bed":2,"minecraft:sweet_berry_bush":6,"minecraft:ice":2,"regions_unexplored:sandy_grass":1,"minecraft:coal_ore":75,"minecraft:gravel":10,"minecraft:polished_andesite":1,"minecraft:gold_ore":18,"minecraft:fern":247},"minecraft:broken":{"epicfight:iron_spear":1,"minecraft:wooden_sword":2,"minecraft:wooden_axe":1,"minecraft:iron_hoe":2,"minecraft:iron_axe":1,"minecraft:iron_pickaxe":1},"minecraft:used":{"minecraft:iron_shovel":421,"minecraft:ladder":1,"minecraft:chest":2,"minecraft:iron_sword":2,"minecraft:rotten_flesh":2,"minecraft:carrot":5,"minecraft:spruce_boat":1,"immersive_weathering:earthen_clay":58,"minecraft:hay_block":7,"minecraft:sweet_berries":125,"minecraft:furnace":1,"minecraft:oak_sapling":44,"minecraft:potato":13,"goblins_tyranny:goblins_tyranny_guide":1,"epicfight:skillbook":2,"minecraft:diorite":6,"minecraft:stone_pickaxe":60,"minecraft:oak_planks":191,"minecraft:wooden_pickaxe":20,"minecraft:sandstone":91,"minecraft:blue_bed":2,"minecraft:sugar_cane":29,"minecraft:jungle_boat":1,"minecraft:sand":497,"mca:female_villager_spawn_egg":5,"minecraft:bread":225,"minecraft:melon_slice":71,"regions_unexplored:bamboo_log":1,"minecraft:gravel":3,"minecraft:wooden_sword":119,"minecraft:andesite":1,"minecraft:bone_meal":133,"minecraft:experience_bottle":3,"minecraft:cherry_boat":1,"minecraft:oak_fence":65,"waystones:sandy_waystone":1,"minecraft:mangrove_chest_boat":1,"minecraft:torch":688,"minecraft:dirt":38,"minecraft:granite":23,"minecraft:birch_door":19,"minecraft:iron_hoe":783,"minecraft:flowering_azalea":1,"minecraft:iron_axe":54,"minecraft:oak_stairs":18,"minecraft:smooth_sandstone":12,"minecraft:golden_carrot":1,"minecraft:wheat_seeds":2477,"mca:male_villager_spawn_egg":4,"minecraft:water_bucket":25,"epicfight:iron_spear":396,"minecraft:birch_boat":1,"minecraft:spruce_sign":2,"minecraft:green_bed":1,"immersive_weathering:sandy_dirt":5,"born_in_chaos_v1:stimulating_decoction":2,"minecraft:crafting_table":7,"epicfight:stone_spear":67,"minecraft:oak_log":19,"minecraft:map":1,"minecraft:iron_pickaxe":1019,"minecraft:jungle_stairs":1,"minecraft:spruce_trapdoor":4,"minecraft:acacia_chest_boat":1,"minecraft:cobblestone":131,"minecraft:bucket":25}},"DataVersion":3465}