{"stats":{"minecraft:used":{"minecraft:dirt":1},"minecraft:custom":{"minecraft:jump":24,"minecraft:time_since_rest":14332,"minecraft:leave_game":1,"minecraft:sprint_one_cm":3814,"minecraft:play_time":14332,"minecraft:walk_on_water_one_cm":552,"minecraft:time_since_death":14332,"minecraft:walk_one_cm":7183,"minecraft:sneak_time":8,"minecraft:total_world_time":14332,"minecraft:walk_under_water_one_cm":600,"minecraft:fly_one_cm":3407},"minecraft:mined":{"minecraft:dirt":1},"minecraft:picked_up":{"minecraft:dirt":1}},"DataVersion":3465}